,proto_slopes,rulefollower_slopes,exception_slopes,proto_rf,rf_excep,proto_excep
1,0.879718502,1.194965866,1.230340299,-0.315247364,-0.035374434,-0.350621798
2,0.892346656,1.21816847,1.250451524,-0.325821814,-0.032283055,-0.358104869
3,0.96783477,1.483298414,1.451750803,-0.515463644,0.031547611,-0.483916033
4,0.830661839,1.297320093,1.636100453,-0.466658253,-0.33878036,-0.805438614
5,0.76513984,1.406794333,1.843306584,-0.641654494,-0.43651225,-1.078166744
6,0.662335319,0.94734846,1.288516698,-0.285013141,-0.341168238,-0.626181379
7,0.847099113,1.074340516,1.369592938,-0.227241403,-0.295252422,-0.522493825
8,0.872268084,1.000116248,0.699202811,-0.127848164,0.300913437,0.173065273
9,0.690742464,1.027007636,0.637072295,-0.336265171,0.38993534,0.053670169
10,0.807567369,0.481834777,0.70460235,0.325732592,-0.222767573,0.102965019
11,0.794959011,0.464964098,0.698640533,0.329994913,-0.233676435,0.096318478
12,0.84135638,0.642654469,0.846720236,0.198701911,-0.204065767,-0.005363856
13,0.890471896,0.726527167,0.860386642,0.163944729,-0.133859475,0.030085254
14,0.909614561,0.67135623,1.17685365,0.238258331,-0.50549742,-0.267239089
15,0.826430585,1.06390017,1.133244759,-0.237469585,-0.069344589,-0.306814173
16,0.733895134,0.924600637,1.502472787,-0.190705503,-0.57787215,-0.768577653
17,0.773472623,0.73251659,1.518683677,0.040956033,-0.786167087,-0.745211054
18,0.901057597,0.908977785,0.734660425,-0.007920188,0.17431736,0.166397171
19,1.049238524,0.848300041,0.954330271,0.200938483,-0.10603023,0.094908253
20,1.002774558,0.745890136,1.177563838,0.256884422,-0.431673702,-0.17478928
21,0.982180822,0.869812056,1.149381081,0.112368766,-0.279569026,-0.16720026
22,0.993993686,0.824056519,1.181379269,0.169937168,-0.357322751,-0.187385583
23,1.073473025,1.071721094,1.507173797,0.001751931,-0.435452704,-0.433700772
24,0.901973398,1.033898273,1.286665769,-0.131924875,-0.252767496,-0.38469237
25,1.05478222,1.152947546,1.138712264,-0.098165325,0.014235281,-0.083930044
26,0.878460258,1.340458741,1.299766361,-0.461998483,0.04069238,-0.421306103
27,0.765748547,0.688762755,1.411953444,0.076985792,-0.723190689,-0.646204897
28,0.802135773,0.705315079,1.467217805,0.096820694,-0.761902726,-0.665082033
29,0.818827902,0.675529389,1.244614218,0.143298513,-0.569084828,-0.425786315
30,0.752397264,0.568378173,1.150990413,0.184019091,-0.58261224,-0.398593149
31,0.813752,0.577666142,1.263591103,0.236085858,-0.685924961,-0.449839103
32,0.886838672,0.802449342,0.914369944,0.084389331,-0.111920602,-0.027531272
33,0.873963546,0.753670555,1.163661975,0.120292991,-0.40999142,-0.289698429
34,0.815317657,1.226401495,1.116974349,-0.411083838,0.109427145,-0.301656693
35,0.921141959,0.917990677,1.249476569,0.003151282,-0.331485892,-0.328334611
36,0.948462427,1.100661894,1.285083933,-0.152199467,-0.184422039,-0.336621506
37,1.036340088,1.278028449,1.422224379,-0.241688361,-0.14419593,-0.385884291
38,0.948627231,1.320832451,1.661374432,-0.372205221,-0.340541981,-0.712747202
39,0.52452348,1.042166848,1.616942679,-0.517643368,-0.574775831,-1.092419198
40,0.585872083,0.956425633,1.258886145,-0.37055355,-0.302460512,-0.673014062
41,0.634200228,1.028145022,1.035474345,-0.393944794,-0.007329323,-0.401274117
42,0.665322663,1.264217247,1.338586746,-0.598894584,-0.074369499,-0.673264083
43,0.657875358,1.283021817,1.205587541,-0.62514646,0.077434276,-0.547712184
44,0.678082973,1.479242011,0.509438443,-0.801159039,0.969803569,0.16864453
45,0.728191198,1.365348347,0.238236745,-0.637157149,1.127111602,0.489954453
46,0.798490933,1.511003927,1.002109326,-0.712512994,0.508894601,-0.203618393
47,0.665148407,1.299752029,0.848241283,-0.634603622,0.451510746,-0.183092876
48,0.678147122,1.187731357,1.10930627,-0.509584235,0.078425087,-0.431159148
49,0.726653951,1.482217117,1.432971365,-0.755563167,0.049245753,-0.706317414
50,0.649996671,1.529834314,1.537633946,-0.879837643,-0.007799632,-0.887637275
51,0.542358521,1.382180137,1.41190711,-0.839821616,-0.029726973,-0.869548589
52,0.461032239,1.313439275,1.256707044,-0.852407036,0.056732232,-0.795674804
53,0.727253387,1.428693578,1.598661164,-0.701440191,-0.169967586,-0.871407776
54,0.637682057,1.535129015,1.266981221,-0.897446959,0.268147794,-0.629299165
55,0.483001081,1.485766908,0.771181194,-1.002765827,0.714585714,-0.288180114
56,0.4324269,1.306272077,0.743544425,-0.873845177,0.562727652,-0.311117524
57,0.524300723,1.106662971,1.289848572,-0.582362248,-0.183185601,-0.765547849
58,0.578451047,1.304328234,1.759353049,-0.725877188,-0.455024815,-1.180902002
59,0.558086221,1.282158959,1.610161727,-0.724072738,-0.328002768,-1.052075506
60,0.684249465,1.222747353,1.612995537,-0.538497889,-0.390248184,-0.928746072
61,0.446719329,1.441543893,1.400771314,-0.994824564,0.040772579,-0.954051985
62,0.535453616,1.176022459,1.516974417,-0.640568843,-0.340951958,-0.981520801
63,0.523435891,1.429952756,1.479833222,-0.906516865,-0.049880466,-0.956397331
64,0.410924368,1.27124757,1.383660323,-0.860323202,-0.112412753,-0.972735955
65,0.596220033,0.718012416,1.410321454,-0.121792382,-0.692309038,-0.81410142
66,0.529707703,0.713737799,1.192788482,-0.184030096,-0.479050683,-0.663080779
67,0.529299743,0.996874519,1.086752153,-0.467574777,-0.089877634,-0.557452411
68,0.540699519,0.903217018,1.10733235,-0.3625175,-0.204115332,-0.566632832
69,0.521772358,0.898506674,1.096770726,-0.376734316,-0.198264052,-0.574998368
70,0.537181879,0.897324332,0.997328948,-0.360142453,-0.100004616,-0.46014707
71,0.480951166,0.926631307,0.882274509,-0.445680142,0.044356798,-0.401323343
72,0.576119416,0.824698787,1.08460033,-0.248579371,-0.259901543,-0.508480914
73,0.438356592,0.625430101,0.79768953,-0.187073509,-0.17225943,-0.359332939
74,0.410394583,0.582507656,1.191118295,-0.172113073,-0.60861064,-0.780723713
75,0.366038846,0.378896956,1.016406093,-0.01285811,-0.637509136,-0.650367246
76,0.520902565,0.565111761,1.335294492,-0.044209196,-0.770182732,-0.814391928
77,0.800549957,0.471338418,0.792257975,0.329211539,-0.320919557,0.008291983
78,0.64001369,0.633525278,0.633065859,0.006488412,0.000459419,0.006947831
79,0.691068746,0.669958894,0.749950263,0.021109852,-0.07999137,-0.058881518
80,0.939554283,1.204855833,1.066649903,-0.265301551,0.138205931,-0.12709562
81,0.940757606,1.247709438,1.050815497,-0.306951832,0.196893942,-0.11005789
82,1.008000746,1.384252031,1.412292479,-0.376251285,-0.028040448,-0.404291732
83,1.004300789,1.404565322,1.437859681,-0.400264533,-0.033294359,-0.433558892
84,1.094346543,1.099111444,1.364981145,-0.004764901,-0.265869701,-0.270634602
85,1.079170552,1.039342919,1.331974772,0.039827634,-0.292631854,-0.25280422
86,0.916200506,0.869829966,1.460186783,0.04637054,-0.590356816,-0.543986277
87,0.861041597,0.724146956,1.25000878,0.13689464,-0.525861824,-0.388967184
88,0.955572403,1.048539723,1.136464162,-0.09296732,-0.08792444,-0.18089176
89,1.018116181,1.242445961,0.933095977,-0.22432978,0.309349985,0.085020204
90,1.062292915,0.97641555,1.017539267,0.085877365,-0.041123718,0.044753648
91,1.044927318,0.834525066,0.844250488,0.210402252,-0.009725421,0.200676831
92,0.950170389,0.744268672,0.774972081,0.205901717,-0.030703409,0.175198308
93,0.992783577,1.02931406,0.77071969,-0.036530483,0.258594371,0.222063887
94,0.933423264,1.106726253,0.935021218,-0.173302989,0.171705035,-0.001597954
95,0.875572483,0.958628119,0.854452845,-0.083055635,0.104175274,0.021119639
96,0.95217236,1.448846203,1.243401873,-0.496673843,0.205444331,-0.291229512
97,0.957961597,1.462203264,1.037213235,-0.504241667,0.424990029,-0.079251638
98,0.882556751,0.990862178,1.099243079,-0.108305427,-0.108380901,-0.216686328
99,0.846085137,1.31367846,1.148863229,-0.467593323,0.164815231,-0.302778092
100,1.014700853,1.198460466,1.066214443,-0.183759612,0.132246022,-0.05151359
101,0.953862493,1.030285737,1.065830802,-0.076423243,-0.035545066,-0.111968309
102,1.011363256,1.294013962,1.051080229,-0.282650707,0.242933733,-0.039716973
103,1.046693246,1.09853677,1.185560704,-0.051843524,-0.087023934,-0.138867458
104,0.96839832,0.724809809,0.976729243,0.243588511,-0.251919434,-0.008330922
105,0.999908455,0.84376955,0.897038308,0.156138905,-0.053268758,0.102870148
106,0.901922516,0.726552499,1.394331216,0.175370018,-0.667778718,-0.4924087
107,0.849269266,0.949197653,1.450115426,-0.099928387,-0.500917774,-0.60084616
108,0.809212724,0.919587649,0.920037975,-0.110374925,-0.000450326,-0.110825251
109,0.784160578,0.733174456,0.799557214,0.050986122,-0.066382757,-0.015396636
110,0.726046469,0.750178739,0.801918614,-0.02413227,-0.051739876,-0.075872145
111,0.82249622,0.63877228,0.772009491,0.183723941,-0.133237211,0.050486729
112,0.899437886,0.719496197,1.240950282,0.17994169,-0.521454085,-0.341512396
113,0.895433993,1.182075787,1.286672419,-0.286641794,-0.104596632,-0.391238426
114,0.829778437,0.965799119,1.322384481,-0.136020682,-0.356585362,-0.492606044
115,0.905586951,1.097648615,0.801714361,-0.192061665,0.295934254,0.10387259
116,0.801995812,0.983534458,0.821569777,-0.181538647,0.161964681,-0.019573966
117,0.890161538,1.121864447,1.016050331,-0.231702909,0.105814116,-0.125888793
118,0.728144338,1.060981043,0.639958698,-0.332836705,0.421022345,0.08818564
119,0.750095668,0.924430026,0.557876984,-0.174334358,0.366553042,0.192218684
120,0.828265766,1.052355206,0.514683595,-0.22408944,0.53767161,0.313582171
121,0.87977624,1.27817955,0.460093563,-0.398403309,0.818085987,0.419682677
122,0.880125411,0.858907925,0.608585755,0.021217486,0.25032217,0.271539656
123,0.781531919,0.99710963,0.6293914,-0.215577711,0.36771823,0.152140519
124,1.211123086,0.886695613,0.808663239,0.324427473,0.078032374,0.402459847
125,1.188005967,0.967472237,0.8055854,0.22053373,0.161886837,0.382420567
126,1.131477979,0.955468473,0.497516523,0.176009506,0.45795195,0.633961456
127,1.127634528,1.15875671,0.727479641,-0.031122182,0.431277069,0.400154887
128,1.162664906,1.194013413,1.246309161,-0.031348507,-0.052295748,-0.083644255
129,1.0416721,1.085698116,1.226090151,-0.044026016,-0.140392036,-0.184418052
130,0.868995372,0.797385632,1.152057876,0.07160974,-0.354672245,-0.283062505
131,0.834175183,0.823050723,1.388727241,0.011124459,-0.565676518,-0.554552059
132,0.80953423,0.485561749,0.914737235,0.323972482,-0.429175486,-0.105203004
133,1.139104002,0.712348616,1.241738781,0.426755386,-0.529390165,-0.102634779
134,1.152242904,0.431027962,1.125980501,0.721214941,-0.694952539,0.026262402
135,0.972444762,0.687940754,1.01289353,0.284504008,-0.324952776,-0.040448768
136,1.040829312,0.845070931,0.792168481,0.195758381,0.052902449,0.24866083
137,1.083134745,0.774732894,0.959714259,0.308401852,-0.184981365,0.123420486
138,1.106778732,0.709881817,0.886266512,0.396896915,-0.176384696,0.220512219
139,1.049042013,0.795793924,0.692797316,0.25324809,0.102996608,0.356244697
140,0.992912457,0.895805223,0.804326893,0.097107234,0.091478329,0.188585563
141,1.05546701,0.969758511,0.911973835,0.085708499,0.057784676,0.143493175
142,1.196601008,1.010427723,1.092342627,0.186173284,-0.081914903,0.104258381
143,1.190296588,1.175236693,0.853031151,0.015059895,0.322205542,0.337265437
144,1.204749779,1.065891811,1.01207105,0.138857967,0.053820761,0.192678728
145,1.208569058,1.191049712,1.409556403,0.017519345,-0.218506691,-0.200987346
146,1.190666193,1.3712925,1.366415925,-0.180626308,0.004876575,-0.175749733
147,1.03061687,1.239280347,1.116069724,-0.208663478,0.123210623,-0.085452855
148,0.966187623,1.211852478,1.369255447,-0.245664855,-0.157402969,-0.403067824
149,0.888564377,1.176732671,1.47467872,-0.288168294,-0.29794605,-0.586114344
150,0.872249342,1.082246651,1.4277639,-0.209997309,-0.34551725,-0.555514558
151,0.921458459,1.181162534,1.145597313,-0.259704075,0.035565221,-0.224138854
152,0.792087625,1.090336391,1.209446086,-0.298248767,-0.119109694,-0.417358461
153,0.794294067,0.966538104,1.363308823,-0.172244037,-0.396770719,-0.569014756
154,0.893463818,1.077854203,1.607878244,-0.184390385,-0.530024041,-0.714414426
155,0.840119182,0.78561741,1.585215068,0.054501772,-0.799597658,-0.745095886
156,0.836525915,0.624043734,1.44864039,0.212482181,-0.824596656,-0.612114475
157,0.91559819,0.756783185,1.716594495,0.158815004,-0.95981131,-0.800996305
158,0.986483519,1.121113089,1.541639144,-0.13462957,-0.420526055,-0.555155625
159,0.967821676,1.169760413,1.263749448,-0.201938737,-0.093989035,-0.295927772
160,0.902028271,1.044983226,0.945109703,-0.142954955,0.099873523,-0.043081432
161,0.841067937,0.889554792,1.423489269,-0.048486855,-0.533934478,-0.582421332
162,0.868709417,0.902766442,1.518225251,-0.034057026,-0.615458808,-0.649515834
163,0.738431388,0.612241691,0.756948978,0.126189696,-0.144707287,-0.018517591
164,0.709376041,0.6953135,0.865381002,0.014062541,-0.170067503,-0.156004961
165,0.715003137,0.727126314,1.08217966,-0.012123177,-0.355053346,-0.367176522
166,0.717959221,0.725497471,0.959454524,-0.007538251,-0.233957052,-0.241495303
167,0.873866925,0.866789744,0.861593177,0.007077181,0.005196566,0.012273747
168,0.86101638,0.496158539,1.210174952,0.36485784,-0.714016412,-0.349158572
169,0.899845374,0.88808692,1.27489579,0.011758454,-0.38680887,-0.375050416
170,1.155381927,0.994767155,1.62151015,0.160614772,-0.626742995,-0.466128223
171,0.977700035,0.737213507,1.176599388,0.240486528,-0.439385882,-0.198899354
172,1.101907056,0.921641304,1.299087461,0.180265752,-0.377446157,-0.197180405
173,0.785232517,0.809074606,0.953117455,-0.023842088,-0.144042849,-0.167884938
174,0.710382404,0.628044296,1.790601091,0.082338109,-1.162556795,-1.080218686
175,0.759803971,0.747656072,1.527115228,0.012147899,-0.779459156,-0.767311257
176,0.774146868,1.328208621,1.38438839,-0.554061753,-0.056179769,-0.610241522
177,0.833991242,1.202263705,1.545842324,-0.368272463,-0.343578619,-0.711851082
178,0.847249883,0.892724246,1.182851256,-0.045474363,-0.290127011,-0.335601374
179,0.903377193,1.035363535,1.293107496,-0.131986342,-0.257743961,-0.389730303
180,0.850649687,0.788402074,1.189699921,0.062247612,-0.401297847,-0.339050235
181,0.923978999,0.77985291,1.222656121,0.144126089,-0.442803211,-0.298677121
182,0.930450086,0.789565383,1.381433516,0.140884703,-0.591868133,-0.45098343
183,0.981867985,0.866855891,1.561797727,0.115012094,-0.694941836,-0.579929742
184,0.939127813,1.230289329,1.396132371,-0.291161516,-0.165843042,-0.457004558
185,1.102688317,1.194430562,1.072841701,-0.091742245,0.121588861,0.029846616
186,0.953609852,1.127889912,1.164924494,-0.17428006,-0.037034582,-0.211314642
187,0.964180112,1.230659111,0.741487601,-0.266478999,0.48917151,0.222692511
188,1.021910038,0.911619116,1.240833824,0.110290922,-0.329214708,-0.218923786
189,0.863792321,0.946207924,1.270112606,-0.082415603,-0.323904682,-0.406320285
190,0.867633452,0.784011895,1.086440325,0.083621557,-0.302428431,-0.218806873
191,0.985794691,1.328249936,1.252765165,-0.342455244,0.07548477,-0.266970474
192,1.041285997,1.156635284,1.407188284,-0.115349286,-0.250553,-0.365902286
193,0.82038316,0.898191131,1.272798873,-0.077807971,-0.374607742,-0.452415713
194,0.8313236,0.896990596,1.503356541,-0.065666996,-0.606365945,-0.672032941
195,0.863406231,1.041879124,1.535300137,-0.178472893,-0.493421013,-0.671893906
196,0.712265996,0.94518208,1.470553866,-0.232916084,-0.525371786,-0.75828787
197,0.687956987,0.637276393,1.449464309,0.050680594,-0.812187916,-0.761507322
198,0.945328397,0.551015583,1.61071495,0.394312814,-1.059699367,-0.665386553
199,0.714926085,0.691230807,1.360433687,0.023695279,-0.66920288,-0.645507601
200,0.733286589,0.696763551,1.521957115,0.036523038,-0.825193564,-0.788670526
201,0.745987284,0.684245605,1.553821529,0.061741679,-0.869575924,-0.807834245
202,0.738200614,0.589769017,1.191093878,0.148431597,-0.601324861,-0.452893264
203,0.73627901,0.709640751,1.384965586,0.026638259,-0.675324835,-0.648686576
204,0.804673052,0.669924476,1.045351805,0.134748576,-0.375427329,-0.240678753
205,0.753050392,0.688957645,1.020855088,0.064092747,-0.331897443,-0.267804695
206,1.051498124,0.76702541,1.305712638,0.284472715,-0.538687229,-0.254214514
207,1.045242806,0.932408776,1.280441771,0.11283403,-0.348032995,-0.235198965
208,1.143018747,1.036364192,1.633693632,0.106654554,-0.59732944,-0.490674885
209,1.136922594,1.221715147,1.709630342,-0.084792553,-0.487915195,-0.572707748
210,0.835469853,1.038930415,1.832511084,-0.203460562,-0.793580669,-0.997041231
211,0.883373761,1.215350019,1.283238404,-0.331976259,-0.067888384,-0.399864643
212,0.940663107,1.150133655,1.297238028,-0.209470549,-0.147104373,-0.356574922
213,0.840734942,1.070896761,1.027133775,-0.230161819,0.043762986,-0.186398834
214,0.850281818,1.069417373,1.415543235,-0.219135555,-0.346125862,-0.565261417
215,0.727906566,1.007539841,1.208472655,-0.279633276,-0.200932814,-0.480566089
216,0.756225793,0.832129777,1.71958505,-0.075903984,-0.887455273,-0.963359257
217,0.669837511,0.502748466,1.849959757,0.167089046,-1.347211292,-1.180122246
218,0.853982398,0.620859407,2.09007515,0.233122991,-1.469215742,-1.236092752
219,0.896594567,0.771156403,1.930317513,0.125438163,-1.159161109,-1.033722946
220,1.073803628,0.961826038,1.778135669,0.11197759,-0.816309631,-0.704332041
221,0.948610759,0.855597072,1.527343257,0.093013687,-0.671746185,-0.578732498
222,0.865699209,1.085926589,1.418772954,-0.22022738,-0.332846366,-0.553073746
223,0.972152293,0.918310296,1.141072199,0.053841997,-0.222761903,-0.168919907
224,0.999727474,1.156418592,1.195153505,-0.156691118,-0.038734913,-0.195426031
225,0.965706969,1.094293716,1.417843364,-0.128586747,-0.323549648,-0.452136395
226,0.897957543,0.84567581,1.393235956,0.052281734,-0.547560147,-0.495278413
227,0.936398428,0.834391279,1.400008727,0.102007149,-0.565617448,-0.463610299
228,0.933388817,0.817603259,1.510993909,0.115785558,-0.69339065,-0.577605092
229,0.97467827,0.917013738,1.72381486,0.057664532,-0.806801122,-0.749136589
230,0.979654459,1.031976064,1.246254216,-0.052321605,-0.214278152,-0.266599757
231,1.041459825,1.310474634,1.196633893,-0.269014808,0.113840741,-0.155174068
232,0.941765584,0.996714958,1.314224751,-0.054949374,-0.317509793,-0.372459167
233,0.994017456,1.32689433,1.342209467,-0.332876874,-0.015315137,-0.348192011
234,0.998945586,1.390774016,1.04094721,-0.39182843,0.349826806,-0.042001624
235,0.943658855,1.318265637,0.785469304,-0.374606782,0.532796333,0.158189551
236,1.162605909,1.520478627,0.838950367,-0.357872718,0.681528261,0.323655542
237,1.074787531,1.529460775,1.072646622,-0.454673244,0.456814153,0.002140908
238,1.107762958,1.351397939,1.272614441,-0.243634981,0.078783498,-0.164851483
239,1.11680933,1.383472293,1.409926522,-0.266662963,-0.026454228,-0.293117192
240,0.881907565,1.217664578,1.562229131,-0.335757012,-0.344564554,-0.680321566
241,0.915014616,1.261852566,1.572505585,-0.34683795,-0.310653019,-0.657490969
242,0.856956846,1.237280769,1.30905374,-0.380323923,-0.071772971,-0.452096895
243,0.899074292,1.294506722,1.424666104,-0.395432431,-0.130159381,-0.525591812
244,0.851763374,0.90318131,1.302410442,-0.051417936,-0.399229131,-0.450647067
245,1.014550518,1.195365386,1.359629619,-0.180814868,-0.164264233,-0.345079101
246,1.123420914,1.413931095,1.252015146,-0.290510181,0.161915949,-0.128594232
247,1.033699051,1.346954826,1.228291633,-0.313255775,0.118663194,-0.194592581
248,1.123801064,1.395829069,1.035960888,-0.272028005,0.35986818,0.087840176
249,1.125297546,1.250573397,0.986131594,-0.125275851,0.264441803,0.139165952
250,1.024730645,0.944024184,0.874607919,0.080706461,0.069416266,0.150122727
251,0.894997108,0.833529961,0.815585402,0.061467147,0.017944559,0.079411706
252,1.076354375,0.912888514,1.126122754,0.163465861,-0.213234239,-0.049768378
253,1.208083869,1.205962538,1.076923541,0.002121331,0.129038997,0.131160328
254,1.067923562,1.267160168,1.038692239,-0.199236607,0.228467929,0.029231322
255,1.111051183,1.356395875,1.478632754,-0.245344692,-0.122236879,-0.367581571
256,0.942547624,1.206164852,1.372406831,-0.263617227,-0.166241979,-0.429859206
257,0.99149934,1.19708357,1.335980752,-0.20558423,-0.138897182,-0.344481412
258,0.949283461,1.223719821,0.910029714,-0.27443636,0.313690107,0.039253747
259,0.974780588,0.949130523,1.118989703,0.025650065,-0.16985918,-0.144209115
260,1.095081647,0.881600281,1.28031932,0.213481366,-0.398719038,-0.185237673
261,1.086836195,0.9730302,1.177601368,0.113805994,-0.204571167,-0.090765173
262,1.028570286,1.006556996,0.725284186,0.022013291,0.28127281,0.303286101
263,0.827474057,0.853186995,0.816403388,-0.025712937,0.036783606,0.011070669
264,0.80621908,1.013776704,0.849346754,-0.207557624,0.16442995,-0.043127674
265,0.728085178,1.035574961,0.718885155,-0.307489782,0.316689806,0.009200024
266,0.870094737,1.240876268,1.057873854,-0.370781531,0.183002414,-0.187779117
267,0.852464782,1.285474436,1.191137986,-0.433009654,0.09433645,-0.338673204
268,0.866867028,1.14645176,1.54740714,-0.279584732,-0.40095538,-0.680540112
269,0.547534104,0.870142363,1.236088924,-0.322608259,-0.365946561,-0.68855482
270,0.641358595,1.043071942,1.390757772,-0.401713348,-0.34768583,-0.749399177
271,0.831095718,1.082990838,1.641215965,-0.25189512,-0.558225127,-0.810120247
272,0.885640523,0.945052369,1.748397361,-0.059411846,-0.803344992,-0.862756839
273,0.973327543,1.002963059,1.607702174,-0.029635515,-0.604739115,-0.63437463
274,0.942931227,0.978015288,1.627705479,-0.035084061,-0.649690191,-0.684774252
275,1.104665717,0.884342187,2.220968122,0.22032353,-1.336625935,-1.116302405
276,1.069048708,0.845670667,1.925594978,0.223378041,-1.079924311,-0.85654627
277,0.980451152,0.990458881,1.768671422,-0.010007729,-0.778212541,-0.78822027
278,1.027220969,0.690563935,1.696169261,0.336657034,-1.005605326,-0.668948292
279,0.782637308,0.552705008,1.224793002,0.2299323,-0.672087995,-0.442155695
280,0.731943592,0.9426247,0.960040757,-0.210681107,-0.017416058,-0.228097165
281,0.795123965,0.778167342,1.474877637,0.016956624,-0.696710295,-0.679753671
282,0.731953948,1.178880604,1.167196949,-0.446926657,0.011683656,-0.435243001
283,0.719757622,1.25724836,0.552293554,-0.537490738,0.704954806,0.167464068
284,0.894057516,1.11994017,1.235996832,-0.225882654,-0.116056662,-0.341939316
285,0.863136639,1.376254209,0.951687813,-0.513117569,0.424566396,-0.088551174
286,0.78953747,1.173076476,1.019680961,-0.383539006,0.153395515,-0.230143491
287,0.678606921,1.039141011,1.071875005,-0.36053409,-0.032733994,-0.393268084
288,0.704799455,1.036069337,1.178057158,-0.331269882,-0.141987821,-0.473257703
289,0.737075825,1.309803322,0.969971458,-0.572727497,0.339831864,-0.232895633
290,0.751791289,1.343091857,1.262482753,-0.591300568,0.080609104,-0.510691464
291,0.661281609,1.380946097,1.031006169,-0.719664488,0.349939928,-0.36972456
292,0.660936567,1.205565406,0.903447892,-0.544628839,0.302117514,-0.242511325
293,0.57057964,0.86099443,0.877705154,-0.29041479,-0.016710724,-0.307125514
294,0.641979854,0.999968793,1.167815161,-0.357988939,-0.167846368,-0.525835307
295,0.646952317,0.904519056,1.581825649,-0.257566738,-0.677306593,-0.934873331
296,0.848272714,0.940118831,1.955253752,-0.091846118,-1.01513492,-1.106981038
297,0.912908806,1.098952765,1.395962649,-0.18604396,-0.297009883,-0.483053843
298,0.872473196,0.980047222,1.591245328,-0.107574026,-0.611198106,-0.718772131
299,0.884149325,0.987936889,1.652256298,-0.103787564,-0.664319409,-0.768106973
300,0.990330541,0.933468762,1.462594241,0.056861779,-0.529125479,-0.4722637
301,0.855066754,0.862525343,1.382076097,-0.007458589,-0.519550754,-0.527009343
302,0.773508824,0.870058918,1.108191616,-0.096550093,-0.238132698,-0.334682791
303,0.888447665,1.032024011,1.181664858,-0.143576346,-0.149640847,-0.293217193
304,0.83665109,1.017515956,1.641985683,-0.180864866,-0.624469727,-0.805334593
305,0.907001287,1.029136761,1.590940939,-0.122135474,-0.561804178,-0.683939653
306,0.92636945,1.058199033,0.994702904,-0.131829583,0.063496129,-0.068333454
307,1.152549738,0.915028147,1.299825223,0.237521592,-0.384797076,-0.147275484
308,1.070195426,0.792142634,1.521322964,0.278052792,-0.72918033,-0.451127538
309,1.165990232,1.185889335,1.58946453,-0.019899103,-0.403575195,-0.423474298
310,0.885306995,0.852538325,1.360108483,0.03276867,-0.507570158,-0.474801488
311,0.863458832,0.972435741,1.17442184,-0.108976909,-0.201986099,-0.310963008
312,0.961900974,0.848715233,1.151365674,0.113185741,-0.302650441,-0.1894647
313,0.937958118,0.916271694,1.252499372,0.021686424,-0.336227678,-0.314541254
314,0.925040287,1.015129824,1.350923676,-0.090089537,-0.335793852,-0.425883389
315,1.034908231,1.024948131,1.033579415,0.0099601,-0.008631284,0.001328816
316,1.022303428,0.867082274,1.06949016,0.155221154,-0.202407886,-0.047186732
317,0.847314388,1.128486827,1.112350086,-0.281172439,0.016136741,-0.265035698
318,0.842152138,1.085974262,1.152975173,-0.243822123,-0.067000912,-0.310823035
319,0.92863618,1.058729117,1.48181583,-0.130092937,-0.423086713,-0.55317965
320,0.961294342,0.958425039,1.556897414,0.002869303,-0.598472375,-0.595603073
321,0.910621969,0.937358517,1.732625709,-0.026736549,-0.795267191,-0.82200374
322,0.871628797,0.942937863,0.918061231,-0.071309067,0.024876632,-0.046432434
323,0.885250083,1.102968821,1.16465419,-0.217718738,-0.061685369,-0.279404107
324,1.01437364,1.327642894,1.40556113,-0.313269254,-0.077918236,-0.39118749
325,0.861230631,0.801915431,1.51013296,0.059315199,-0.708217528,-0.648902329
326,0.740397561,0.587730421,1.339708392,0.15266714,-0.751977972,-0.599310832
327,0.908672038,0.44420973,1.679499639,0.464462308,-1.235289908,-0.770827601
328,0.74865983,0.387964395,1.591952981,0.360695435,-1.203988586,-0.843293151
329,0.801550917,0.509316562,1.484767642,0.292234355,-0.97545108,-0.683216725
330,0.830970202,0.584417941,1.772728168,0.246552261,-1.188310228,-0.941757966
331,0.796836925,0.733843661,1.247550777,0.062993263,-0.513707115,-0.450713852
332,0.736680101,0.833026235,1.467188748,-0.096346134,-0.634162513,-0.730508647
333,0.752048079,1.01798639,1.495760712,-0.265938311,-0.477774322,-0.743712633
334,0.607834458,0.9631815,1.29493167,-0.355347042,-0.33175017,-0.687097212
335,0.569412382,0.789183602,1.151103042,-0.21977122,-0.36191944,-0.58169066
336,0.595423108,0.877581736,1.029464646,-0.282158628,-0.15188291,-0.434041538
337,0.838196573,0.987043108,0.916478877,-0.148846535,0.070564231,-0.078282304
338,0.742915172,0.789858185,0.800001517,-0.046943014,-0.010143332,-0.057086346
339,0.829966981,0.722570579,1.060850027,0.107396402,-0.338279448,-0.230883046
340,0.87847401,0.795422936,1.080045909,0.083051074,-0.284622973,-0.201571899
341,0.852723833,0.734487672,0.858947524,0.118236162,-0.124459853,-0.006223691
342,0.801171292,0.587688302,0.839269227,0.21348299,-0.251580925,-0.038097935
343,0.878008495,0.816463339,0.996003974,0.061545156,-0.179540635,-0.117995479
344,0.747549916,0.874738076,1.248681631,-0.12718816,-0.373943555,-0.501131715
345,0.757208364,0.663545694,1.179427511,0.09366267,-0.515881816,-0.422219146
346,0.655749722,0.534980813,0.917668276,0.120768909,-0.382687463,-0.261918554
347,1.167573051,1.028750474,1.324909837,0.138822578,-0.296159364,-0.157336786
348,0.93101318,0.971546044,1.147954658,-0.040532864,-0.176408614,-0.216941478
349,0.847125025,0.901541883,1.311282406,-0.054416858,-0.409740523,-0.46415738
350,0.897043936,0.914150823,1.198790775,-0.017106886,-0.284639952,-0.301746839
351,1.045034571,1.029666151,1.627054538,0.015368421,-0.597388388,-0.582019967
352,1.081472966,1.043096779,2.134192188,0.038376187,-1.091095408,-1.052719221
353,0.901157709,0.89703579,1.196163166,0.004121919,-0.299127376,-0.295005457
354,1.013148515,0.849336364,1.490919352,0.163812151,-0.641582987,-0.477770836
355,0.929843808,0.843398702,1.213822942,0.086445106,-0.37042424,-0.283979135
356,0.865467677,0.740663889,1.104576091,0.124803788,-0.363912202,-0.239108414
357,0.854360072,1.165688998,0.800658063,-0.311328926,0.365030935,0.053702009
358,1.107801116,1.136076117,1.042219679,-0.028275002,0.093856439,0.065581437
359,1.156253684,1.319205134,0.827915335,-0.162951449,0.491289799,0.32833835
360,1.098253856,1.293608357,1.065649693,-0.195354502,0.227958664,0.032604163
361,1.173038006,1.585949021,0.953585828,-0.412911015,0.632363192,0.219452177
362,1.035121328,1.297844317,0.936434202,-0.26272299,0.361410115,0.098687126
363,0.920376507,1.371719702,1.067927104,-0.451343195,0.303792598,-0.147550597
364,0.928248686,1.22928572,1.43174943,-0.301037035,-0.20246371,-0.503500745
365,0.976069444,1.293833191,1.53389962,-0.317763747,-0.240066429,-0.557830176
366,1.051556588,1.041318381,0.902046895,0.010238207,0.139271486,0.149509694
367,0.943376281,0.697223286,0.62504829,0.246152995,0.072174996,0.318327991
368,0.90881061,0.693455355,0.539777664,0.215355255,0.153677691,0.369032946
369,1.076859379,0.95526503,0.978146458,0.121594349,-0.022881428,0.098712921
370,1.071080324,1.028641842,1.183103074,0.042438483,-0.154461232,-0.11202275
371,0.989559828,1.242901403,1.05192602,-0.253341574,0.190975382,-0.062366192
372,0.968582251,1.432747112,0.907260059,-0.46416486,0.525487053,0.061322192
373,0.841802651,1.230096897,1.100842253,-0.388294245,0.129254644,-0.259039602
374,0.858362571,1.418396074,1.390893541,-0.560033503,0.027502533,-0.53253097
375,0.940229475,1.399438042,0.890273422,-0.459208567,0.50916462,0.049956053
376,0.932943763,1.18693855,0.925981424,-0.253994788,0.260957126,0.006962339
377,0.903746222,1.230523154,0.60936217,-0.326776932,0.621160984,0.294384051
378,0.793518437,0.988519572,0.924629991,-0.195001135,0.06388958,-0.131111554
379,0.879195609,1.142724219,1.274328898,-0.26352861,-0.131604679,-0.395133289
380,0.65197066,1.345454522,1.3339266,-0.693483862,0.011527922,-0.68195594
381,0.77853689,0.904959677,1.049697188,-0.126422787,-0.144737511,-0.271160298
382,0.679440402,1.118708142,1.372778786,-0.43926774,-0.254070644,-0.693338384
383,0.677576669,1.210786029,1.316581117,-0.53320936,-0.105795088,-0.639004448
384,0.676229044,0.885824072,1.289804915,-0.209595029,-0.403980843,-0.613575871
385,0.580544154,0.885886849,0.999442523,-0.305342695,-0.113555674,-0.418898369
386,0.545130877,0.843729772,0.65525201,-0.298598895,0.188477762,-0.110121133
387,0.563118734,1.201320482,1.063702457,-0.638201748,0.137618025,-0.500583723
388,0.654158028,1.186591178,1.18546689,-0.53243315,0.001124288,-0.531308862
389,0.502852533,0.938616873,0.980560657,-0.43576434,-0.041943784,-0.477708124
390,0.733051632,1.562135343,1.250873382,-0.829083712,0.311261961,-0.517821751
391,0.618840142,1.565719049,0.667681794,-0.946878907,0.898037256,-0.048841651
392,0.564493239,1.476276335,0.791942046,-0.911783096,0.684334289,-0.227448807
393,0.636442435,1.239384155,1.08503124,-0.60294172,0.154352915,-0.448588804
394,0.701095365,1.106642176,1.240008532,-0.40554681,-0.133366356,-0.538913167
395,0.686507129,1.347865869,1.348507311,-0.66135874,-0.000641442,-0.662000182
396,0.76795151,1.446979503,1.148986902,-0.679027993,0.297992601,-0.381035391
397,0.921346262,1.171277573,1.14969853,-0.249931311,0.021579042,-0.228352268
398,0.657954046,1.44823744,0.976023883,-0.790283394,0.472213557,-0.318069837
399,0.667788704,1.678036856,1.050744678,-1.010248152,0.627292178,-0.382955974
400,0.509463932,1.14446234,0.977915874,-0.634998408,0.166546465,-0.468451943
401,0.813257035,0.950918116,1.160298736,-0.137661081,-0.20938062,-0.347041701
402,0.827323369,1.214549519,1.065466631,-0.38722615,0.149082888,-0.238143262
403,0.901636483,1.042607494,1.576465301,-0.14097101,-0.533857807,-0.674828817
404,1.008114726,1.214050288,1.281136128,-0.205935562,-0.06708584,-0.273021402
405,1.033441988,1.043135502,1.563309588,-0.009693514,-0.520174086,-0.5298676
406,0.963894478,1.172167712,1.394220278,-0.208273234,-0.222052565,-0.4303258
407,0.951771321,1.219568079,1.442545104,-0.267796758,-0.222977025,-0.490773783
408,0.920015016,0.993357631,1.247987993,-0.073342615,-0.254630361,-0.327972976
409,0.941561469,1.393972444,1.583412461,-0.452410976,-0.189440017,-0.641850993
410,0.999543151,1.256642329,1.591249303,-0.257099178,-0.334606974,-0.591706152
411,1.0239215,1.2146186,1.40954739,-0.190697101,-0.19492879,-0.385625891
412,1.113885145,1.278925683,1.14525304,-0.165040538,0.133672643,-0.031367896
413,0.83650738,1.481736451,1.501682436,-0.645229071,-0.019945985,-0.665175056
414,0.806967574,1.364341647,1.883716788,-0.557374073,-0.519375141,-1.076749214
415,0.708056889,1.406659776,1.465653589,-0.698602887,-0.058993813,-0.7575967
416,0.764430079,1.391328309,1.455903716,-0.62689823,-0.064575407,-0.691473637
417,0.731229289,1.087846829,1.316228803,-0.35661754,-0.228381974,-0.584999514
418,0.691080497,1.053338969,1.378600684,-0.362258472,-0.325261715,-0.687520187
419,0.677793468,0.677515734,1.121505943,0.000277734,-0.443990209,-0.443712475
420,0.783102551,0.617853884,1.129507905,0.165248667,-0.511654021,-0.346405353
421,0.596914528,0.454853448,1.087027998,0.142061079,-0.63217455,-0.490113471
422,0.729278459,0.570080366,0.797960807,0.159198093,-0.227880441,-0.068682348
423,0.774599942,0.738033586,0.607056235,0.036566356,0.130977351,0.167543707
424,0.751748111,0.651330012,0.464806047,0.100418099,0.186523965,0.286942064
425,0.827414039,0.858995617,1.066748617,-0.031581579,-0.207753,-0.239334578
426,0.813273706,0.84637857,0.891404016,-0.033104864,-0.045025446,-0.07813031
427,1.01138485,0.840530076,0.951210353,0.170854774,-0.110680277,0.060174497
428,1.016116657,0.972604387,0.986575942,0.04351227,-0.013971555,0.029540715
429,1.067366948,1.103923493,0.961481158,-0.036556545,0.142442334,0.105885789
430,1.065015246,1.009958515,1.566319424,0.055056731,-0.55636091,-0.501304179
431,1.054588573,0.549749331,1.431986464,0.504839242,-0.882237133,-0.377397891
432,1.115118726,0.759574286,1.113065037,0.35554444,-0.353490751,0.002053689
433,1.067480066,1.019652599,1.021361936,0.047827467,-0.001709336,0.046118131
434,1.072631102,0.573816603,1.291146223,0.4988145,-0.71732962,-0.218515121
435,1.085681855,0.568539426,1.09219013,0.517142429,-0.523650703,-0.006508275
436,1.153557388,1.033474921,1.237823759,0.120082467,-0.204348838,-0.084266371
437,1.217060716,0.976243682,1.599740002,0.240817034,-0.62349632,-0.382679286
438,1.124931393,1.056394845,1.464464913,0.068536548,-0.408070068,-0.33953352
439,1.084323686,0.717670261,1.145296886,0.366653425,-0.427626625,-0.0609732
440,1.092247949,0.532418015,1.06596601,0.559829934,-0.533547995,0.026281939
441,1.092763831,1.016133842,1.081004474,0.076629989,-0.064870631,0.011759358
442,1.034484046,1.052595988,0.739678019,-0.018111943,0.312917969,0.294806026
443,1.099889461,1.045079413,1.296665636,0.054810048,-0.251586223,-0.196776175
444,1.154704388,1.173687795,1.284071021,-0.018983407,-0.110383226,-0.129366633
445,0.915613222,1.211722619,0.908248838,-0.296109397,0.303473781,0.007364384
446,0.810374732,0.937847601,0.951936193,-0.127472869,-0.014088592,-0.141561461
447,0.842173988,0.861328561,1.468906377,-0.019154572,-0.607577816,-0.626732388
448,0.896847505,1.058471331,1.387166297,-0.161623826,-0.328694966,-0.490318792
449,0.82213999,1.0872304,1.343640356,-0.26509041,-0.256409955,-0.521500366
450,0.903425288,1.073757279,1.273996775,-0.170331991,-0.200239496,-0.370571487
451,0.815110669,1.159763166,1.063493519,-0.344652497,0.096269647,-0.24838285
452,0.80174413,1.20961562,1.050971176,-0.40787149,0.158644444,-0.249227046
453,0.756905146,1.163461403,0.594880635,-0.406556257,0.568580768,0.162024511
454,0.721423886,1.138173043,1.061440523,-0.416749157,0.076732519,-0.340016637
455,0.832525073,0.930449964,1.088358817,-0.097924891,-0.157908853,-0.255833744
456,0.766791662,1.062685963,1.516066276,-0.295894301,-0.453380313,-0.749274614
457,0.821677368,1.031140507,1.14147867,-0.209463139,-0.110338163,-0.319801302
458,0.75021599,1.466092065,1.417179616,-0.715876075,0.048912449,-0.666963626
459,0.769381671,1.598113458,1.362095165,-0.828731788,0.236018293,-0.592713494
460,0.744765352,1.207604306,1.242665118,-0.462838954,-0.035060812,-0.497899766
461,0.760570256,1.435719079,1.138721279,-0.675148824,0.2969978,-0.378151023
462,0.761330675,1.58388337,1.435934256,-0.822552695,0.147949114,-0.67460358
463,0.705709905,1.646834989,1.44023195,-0.941125084,0.206603039,-0.734522045
464,0.7703494,1.412255452,1.586596623,-0.641906053,-0.174341171,-0.816247223
465,0.882798592,1.291427125,1.264542606,-0.408628533,0.026884519,-0.381744015
466,0.915498348,0.909223639,1.2923026,0.006274709,-0.383078961,-0.376804252
467,0.950804017,0.778054904,1.447564192,0.172749113,-0.669509288,-0.496760175
468,1.001021193,0.913651712,1.419266612,0.087369482,-0.5056149,-0.418245418
469,1.003414186,0.862678621,1.568808069,0.140735565,-0.706129448,-0.565393883
470,0.863082775,0.574891612,1.53036432,0.288191163,-0.955472708,-0.667281545
471,0.911374552,0.722969517,1.586992261,0.188405034,-0.864022744,-0.675617709
472,0.902275948,0.752452928,0.936947025,0.14982302,-0.184494098,-0.034671078
473,0.866843664,0.823123008,0.736367048,0.043720656,0.086755959,0.130476615
474,0.905887838,1.118985367,0.965360153,-0.213097529,0.153625214,-0.059472315
475,0.854406232,1.114629716,0.818926548,-0.260223484,0.295703167,0.035479683
476,1.032611789,1.455993632,1.055348571,-0.423381844,0.400645061,-0.022736783
477,1.141878151,1.615407126,1.017804689,-0.473528975,0.597602437,0.124073462
478,0.80531782,0.985813552,0.789568485,-0.180495732,0.196245067,0.015749335
479,0.979959904,1.458935181,0.956414456,-0.478975277,0.502520725,0.023545448
480,0.981169695,1.461275099,1.882064693,-0.480105405,-0.420789594,-0.900894999
481,0.877980359,1.382467075,1.359731714,-0.504486716,0.022735361,-0.481751355
482,0.941243267,1.440475926,1.112260925,-0.49923266,0.328215001,-0.171017659
483,1.021273544,1.084883829,1.12852873,-0.063610285,-0.043644901,-0.107255186
484,1.058051381,1.14759294,0.968437537,-0.08954156,0.179155404,0.089613844
485,0.998504756,0.710457808,0.768892755,0.288046948,-0.058434947,0.229612001
486,1.141381756,0.675659449,1.299524445,0.465722307,-0.623864996,-0.158142689
487,1.206042936,0.669258743,1.02896865,0.536784193,-0.359709906,0.177074286
488,1.176040377,0.622517763,1.423161707,0.553522613,-0.800643943,-0.24712133
489,1.13641627,0.598275991,0.918439418,0.538140279,-0.320163427,0.217976852
490,1.329743923,0.980935576,1.211639036,0.348808347,-0.23070346,0.118104887
491,1.300970275,0.916152027,1.14037007,0.384818248,-0.224218043,0.160600205
492,1.181955925,0.879157235,1.400211219,0.302798689,-0.521053983,-0.218255294
493,1.050116354,0.802846892,1.600021779,0.247269462,-0.797174887,-0.549905425
494,0.898920818,0.853380078,1.345885255,0.04554074,-0.492505177,-0.446964437
495,0.761332982,0.694700292,1.256022715,0.06663269,-0.561322423,-0.494689733
496,0.875963095,0.756493885,1.08545987,0.11946921,-0.328965985,-0.209496775
497,1.081899128,1.012925216,0.901031421,0.068973913,0.111893795,0.180867707
498,1.016999107,1.241835162,0.807143434,-0.224836056,0.434691728,0.209855673
499,1.076491683,1.396394028,1.805177975,-0.319902345,-0.408783947,-0.728686292
500,0.829431196,0.918632057,1.551048104,-0.089200861,-0.632416047,-0.721616908
501,0.741040393,1.019073007,1.610246361,-0.278032614,-0.591173353,-0.869205968
502,0.757683986,0.934636298,1.445589842,-0.176952312,-0.510953544,-0.687905856
503,0.845438109,1.100056536,1.367080491,-0.254618427,-0.267023954,-0.521642381
504,0.781788307,0.812250354,1.562799798,-0.030462047,-0.750549444,-0.781011491
505,0.769799535,0.804528828,1.9554479,-0.034729293,-1.150919072,-1.185648364
506,0.735345742,0.822601536,1.818861994,-0.087255794,-0.996260458,-1.083516252
507,0.60976668,0.744950435,1.420550158,-0.135183755,-0.675599723,-0.810783478
508,0.706059505,0.675858668,1.524360388,0.030200837,-0.84850172,-0.818300882
509,0.655706695,0.878356523,1.283397261,-0.222649828,-0.405040738,-0.627690566
510,0.745175479,0.848053793,1.2396941,-0.102878314,-0.391640307,-0.494518621
511,0.716260545,0.742829969,1.365424973,-0.026569424,-0.622595004,-0.649164428
512,0.835593022,0.904068805,1.500025095,-0.068475782,-0.595956291,-0.664432073
513,0.887025448,0.938027716,1.862829447,-0.051002268,-0.924801731,-0.975803999
514,0.848884956,1.146889778,1.11704468,-0.298004822,0.029845098,-0.268159724
515,0.802611717,1.080184459,1.301034234,-0.277572742,-0.220849775,-0.498422517
516,0.930465181,1.225552287,1.510659541,-0.295087106,-0.285107254,-0.580194361
517,0.798188422,1.50692562,1.471657738,-0.708737198,0.035267882,-0.673469316
518,0.869836974,1.011243234,1.620673863,-0.141406259,-0.60943063,-0.750836889
519,0.896675763,1.151338467,2.047784405,-0.254662705,-0.896445938,-1.151108643
520,0.657827963,1.145146427,1.967688475,-0.487318464,-0.822542048,-1.309860512
521,0.668928706,1.328603941,2.059385466,-0.659675235,-0.730781525,-1.39045676
522,0.645356757,1.306579626,2.026969653,-0.661222869,-0.720390027,-1.381612896
523,0.624957787,1.395894977,1.789862173,-0.77093719,-0.393967196,-1.164904386
524,0.482510827,1.133068148,1.673871123,-0.650557321,-0.540802974,-1.191360295
525,0.572777935,1.138853733,1.277223071,-0.566075798,-0.138369338,-0.704445136
526,0.561620333,1.008061703,1.632480383,-0.44644137,-0.62441868,-1.07086005
527,0.389960193,1.028877812,1.692642727,-0.638917619,-0.663764915,-1.302682534
528,0.219802765,0.817437246,1.418071634,-0.597634481,-0.600634389,-1.198268869
529,0.646884613,0.789141555,1.360292024,-0.142256942,-0.571150469,-0.713407411
530,0.706525083,0.882282491,1.234690028,-0.175757408,-0.352407537,-0.528164945
531,0.780106948,0.970754415,1.239173657,-0.190647467,-0.268419242,-0.459066709
532,0.896229478,0.870656216,1.198594599,0.025573262,-0.327938383,-0.302365121
533,0.953117626,0.901247933,1.568884343,0.051869693,-0.66763641,-0.615766717
534,0.780240367,0.919288265,1.360403304,-0.139047898,-0.441115039,-0.580162937
535,0.922115229,0.843495991,1.515693135,0.078619239,-0.672197145,-0.593577906
536,0.868104232,0.499936813,1.749337178,0.368167419,-1.249400365,-0.881232946
537,1.10427274,0.790394186,1.715744704,0.313878555,-0.925350519,-0.611471964
538,1.059613037,0.809544973,1.434913431,0.250068064,-0.625368458,-0.375300393
539,0.9368221,0.713255865,1.488211845,0.223566235,-0.77495598,-0.551389745
540,1.01194603,0.984129466,1.611993133,0.027816563,-0.627863666,-0.600047103
541,0.804083881,0.799262844,1.165584971,0.004821038,-0.366322127,-0.36150109
542,0.79143906,0.733191461,1.286553257,0.058247599,-0.553361796,-0.495114197
543,0.81736913,0.794264746,1.141760446,0.023104384,-0.3474957,-0.324391316
544,0.945477856,0.99557161,1.136321528,-0.050093754,-0.140749918,-0.190843672
545,0.875847698,1.154269683,1.346650232,-0.278421985,-0.192380548,-0.470802534
546,0.658824108,1.298654767,1.393095714,-0.639830659,-0.094440948,-0.734271607
547,0.623966959,1.262565044,1.231310735,-0.638598086,0.03125431,-0.607343776
548,0.632663,1.074868993,1.17313406,-0.442205993,-0.098265067,-0.54047106
549,0.628885489,1.065281907,1.005243111,-0.436396418,0.060038796,-0.376357622
550,0.775214191,1.252604407,0.907764388,-0.477390215,0.344840019,-0.132550196
551,0.851742982,1.390859837,1.007776222,-0.539116854,0.383083615,-0.15603324
552,0.782646727,1.295596813,1.116316086,-0.512950086,0.179280727,-0.33366936
553,0.844649077,1.059275726,1.282496694,-0.214626649,-0.223220968,-0.437847617
554,0.748614911,1.060692162,1.157911686,-0.31207725,-0.097219524,-0.409296775
555,0.78292818,1.013392175,1.624743214,-0.230463995,-0.611351039,-0.841815034
556,0.770540483,1.113647543,1.821989014,-0.34310706,-0.708341471,-1.051448531
557,0.822072931,1.187759187,2.229127697,-0.365686256,-1.04136851,-1.407054766
558,0.881229239,1.195557519,1.837728179,-0.314328281,-0.64217066,-0.956498941
559,0.845082462,1.10722703,1.205029556,-0.262144568,-0.097802526,-0.359947094
560,0.853404496,0.970711485,0.732881523,-0.117306989,0.237829962,0.120522973
561,0.884159232,1.101275069,1.586545943,-0.217115837,-0.485270875,-0.702386711
562,0.892267156,1.127067776,1.675513635,-0.234800619,-0.548445859,-0.783246479
563,0.879572237,1.222143078,1.402642091,-0.34257084,-0.180499013,-0.523069853
564,0.943554765,1.251079432,1.150853903,-0.307524666,0.100225529,-0.207299138
565,0.876641018,1.137711708,1.02627988,-0.261070691,0.111431828,-0.149638863
566,0.904280696,1.258380054,1.148829105,-0.354099358,0.109550949,-0.244548409
567,0.639848763,1.368404308,0.791241483,-0.728555545,0.577162825,-0.15139272
568,0.722079543,1.603749029,0.728715495,-0.881669486,0.875033534,-0.006635952
569,0.695410126,1.496394682,0.723575192,-0.800984556,0.77281949,-0.028165066
570,0.73451818,1.414342771,0.800926259,-0.679824592,0.613416513,-0.066408079
571,0.793679,1.205927292,0.975256364,-0.412248292,0.230670928,-0.181577364
572,0.803598058,1.382452883,1.453730269,-0.578854825,-0.071277386,-0.650132211
573,0.675309269,0.957293,1.350932513,-0.281983731,-0.393639513,-0.675623243
574,0.945378851,0.91642695,1.436464864,0.028951901,-0.520037915,-0.491086013
575,1.145651138,1.192086258,1.146795899,-0.04643512,0.045290359,-0.001144761
576,1.123865147,1.380995891,0.914179853,-0.257130744,0.466816037,0.209685293
577,1.022674132,1.200235322,1.293535072,-0.17756119,-0.093299751,-0.27086094
578,0.861074827,1.231035334,0.921624805,-0.369960507,0.309410529,-0.060549978
579,0.947308846,1.244739855,1.093877259,-0.297431009,0.150862596,-0.146568413
580,0.899062643,1.295229823,1.500070506,-0.39616718,-0.204840683,-0.601007863
581,0.904686716,1.017858294,2.01065556,-0.113171578,-0.992797266,-1.105968845
582,0.977513297,1.442831233,2.318712175,-0.465317936,-0.875880941,-1.341198878
583,0.850575982,1.534917631,2.119085058,-0.684341649,-0.584167427,-1.268509076
584,0.803394265,1.455161435,1.883931197,-0.65176717,-0.428769762,-1.080536932
585,0.821591465,1.384672646,1.611030363,-0.563081181,-0.226357717,-0.789438898
586,0.815617924,0.888213119,1.702941844,-0.072595194,-0.814728726,-0.88732392
587,0.709848021,0.906108798,1.173212928,-0.196260778,-0.267104129,-0.463364907
588,0.751545597,0.861308491,1.260515784,-0.109762894,-0.399207293,-0.508970187
589,0.648305787,0.631852988,0.802360833,0.016452799,-0.170507845,-0.154055046
590,0.636778661,0.830032767,1.026705149,-0.193254106,-0.196672381,-0.389926488
591,0.956844026,0.838620665,0.749221693,0.118223361,0.089398973,0.207622333
592,0.757212409,0.627609883,1.002945852,0.129602526,-0.375335969,-0.245733443
593,0.842887795,0.714386527,0.938680471,0.128501268,-0.224293944,-0.095792676
594,0.908504614,0.859598747,1.252745986,0.048905867,-0.393147239,-0.344241372
595,0.883250509,1.195564055,0.950930635,-0.312313546,0.24463342,-0.067680126
596,0.850332144,1.088339952,0.758054701,-0.238007808,0.330285251,0.092277443
597,0.939407171,1.208386059,0.705564034,-0.268978888,0.502822024,0.233843136
598,1.091980976,1.21309596,1.50012699,-0.121114984,-0.28703103,-0.408146014
599,1.118600827,0.970251804,1.513382636,0.148349023,-0.543130832,-0.394781809
600,0.914478196,1.003071422,1.017307168,-0.088593226,-0.014235745,-0.102828972
601,0.912984475,0.841914947,0.440823058,0.071069528,0.401091889,0.472161417
602,1.131955941,1.09473355,0.876540282,0.037222391,0.218193268,0.255415659
603,1.049382136,0.865515335,1.126160488,0.1838668,-0.260645153,-0.076778352
604,0.964893181,0.931864617,1.387454247,0.033028565,-0.455589631,-0.422561066
605,0.993464392,1.032876454,1.73564161,-0.039412062,-0.702765156,-0.742177218
606,0.91821476,1.227720008,1.445700026,-0.309505248,-0.217980018,-0.527485266
607,0.85913298,1.134245606,1.14582711,-0.275112626,-0.011581504,-0.28669413
608,0.786438929,1.126709781,1.308288886,-0.340270851,-0.181579105,-0.521849957
609,0.764019529,1.025933322,1.081999036,-0.261913792,-0.056065714,-0.317979506
610,0.725755798,0.990894937,1.218136055,-0.265139139,-0.227241118,-0.492380257
611,0.776811226,1.019827611,0.688946536,-0.243016385,0.330881075,0.08786469
612,0.704702181,0.958376508,1.201760415,-0.253674327,-0.243383907,-0.497058234
613,0.73872912,1.065685726,1.433072734,-0.326956606,-0.367387008,-0.694343613
614,0.666341968,0.874304312,1.544755398,-0.207962343,-0.670451087,-0.87841343
615,0.733197879,0.99398404,1.538124103,-0.260786161,-0.544140063,-0.804926223
616,0.731113141,1.283670773,1.521397361,-0.552557632,-0.237726588,-0.79028422
617,0.650352368,1.013049672,1.18259863,-0.362697304,-0.169548958,-0.532246262
618,0.723775742,1.114560365,1.38011323,-0.390784623,-0.265552865,-0.656337489
619,0.654864068,1.161869162,1.710821237,-0.507005094,-0.548952074,-1.055957168
620,0.609569036,1.189459413,1.390802834,-0.579890378,-0.20134342,-0.781233798
621,0.608114479,1.063611628,1.494465672,-0.455497149,-0.430854044,-0.886351193
622,0.61351971,0.783557609,1.470004708,-0.170037899,-0.6864471,-0.856484998
623,0.553766245,0.687356543,0.590280957,-0.133590298,0.097075586,-0.036514713
624,0.541049365,0.625693598,0.669688024,-0.084644234,-0.043994426,-0.12863866
625,0.555611297,0.397181754,1.092827738,0.158429543,-0.695645984,-0.537216441
626,0.798164303,0.507810111,1.61714511,0.290354191,-1.109334999,-0.818980808
627,0.749370011,1.365427364,0.982977436,-0.616057353,0.382449927,-0.233607426
628,0.792213132,1.20855403,0.963559584,-0.416340899,0.244994446,-0.171346453
629,0.600038364,0.933031188,0.923976145,-0.332992824,0.009055043,-0.323937781
630,0.774330478,0.803633328,1.356512893,-0.02930285,-0.552879565,-0.582182415
631,0.630032274,0.589871601,1.19323445,0.040160673,-0.603362849,-0.563202176
632,0.736099908,0.988835578,1.101734389,-0.252735669,-0.112898811,-0.365634481
633,0.755240165,0.989549265,1.060723846,-0.2343091,-0.071174581,-0.305483681
634,0.978551472,1.251487524,1.097648846,-0.272936052,0.153838678,-0.119097374
635,0.980674156,1.062577602,1.090310827,-0.081903446,-0.027733224,-0.10963667
636,0.883781359,0.858352462,0.864696489,0.025428897,-0.006344027,0.01908487
637,0.875638294,1.023485243,0.861001854,-0.147846949,0.162483389,0.01463644
638,0.920033155,0.965290139,1.336419075,-0.045256984,-0.371128936,-0.41638592
639,0.782692644,0.890022176,1.176533291,-0.107329532,-0.286511115,-0.393840647
640,0.761425742,0.734307172,0.882532441,0.02711857,-0.148225269,-0.121106699
641,0.767851344,0.790804472,0.926863957,-0.022953127,-0.136059485,-0.159012613
642,1.037620348,0.936337809,1.477242495,0.10128254,-0.540904686,-0.439622146
643,0.948230272,0.813468695,1.207176421,0.134761577,-0.393707726,-0.258946149
644,0.852061353,0.874837592,1.306174484,-0.022776239,-0.431336891,-0.45411313
645,0.827337208,0.838960242,1.243000973,-0.011623034,-0.404040731,-0.415663765
646,0.700003337,0.610176818,1.198147791,0.089826519,-0.587970973,-0.498144453
647,0.78209462,0.915748632,1.297489948,-0.133654012,-0.381741316,-0.515395328
648,0.707207482,0.85351471,1.150323933,-0.146307228,-0.296809223,-0.443116451
649,0.709482965,0.93505034,1.253739798,-0.225567375,-0.318689458,-0.544256833
650,0.793670452,0.741977787,1.041917828,0.051692665,-0.299940041,-0.248247377
651,0.966000399,0.647803372,1.101742177,0.318197027,-0.453938806,-0.135741778
652,0.975333455,0.738285693,0.732226475,0.237047762,0.006059219,0.243106981
653,1.080896376,0.97024328,1.311996623,0.110653096,-0.341753343,-0.231100247
654,0.96377932,0.993085396,1.362315352,-0.029306075,-0.369229957,-0.398536032
655,0.917437035,0.90007874,1.193905528,0.017358295,-0.293826787,-0.276468493
656,1.007705339,1.317076353,1.300806123,-0.309371015,0.016270231,-0.293100784
657,0.985558628,1.454192808,1.330103735,-0.468634179,0.124089073,-0.344545107
658,1.021395607,1.636129398,1.610969512,-0.61473379,0.025159886,-0.589573904
659,1.043085211,1.537500975,1.62159729,-0.494415764,-0.084096316,-0.57851208
660,0.834123563,1.428363812,1.461385466,-0.594240249,-0.033021654,-0.627261903
661,0.737315487,1.593334921,1.335990617,-0.856019434,0.257344304,-0.598675129
662,0.689913177,1.543211442,1.251769835,-0.853298265,0.291441607,-0.561856658
663,0.588622051,1.351172948,1.42317782,-0.762550897,-0.072004872,-0.834555769
664,0.545032685,1.261546602,1.329436004,-0.716513917,-0.067889402,-0.784403319
665,0.522653795,1.343163427,1.360639053,-0.820509632,-0.017475625,-0.837985257
666,0.671852616,1.706953531,1.611646015,-1.035100915,0.095307516,-0.9397934
667,0.589395037,1.313235741,1.126266002,-0.723840704,0.186969739,-0.536870966
668,0.815766728,1.166815681,1.620706698,-0.351048953,-0.453891018,-0.80493997
669,0.734065835,1.13611117,1.465217221,-0.402045335,-0.329106051,-0.731151385
670,0.896390152,1.132520337,1.490310584,-0.236130184,-0.357790247,-0.593920432
671,0.735501054,0.969501762,1.139185494,-0.234000708,-0.169683732,-0.40368444
672,0.562381814,0.921151804,1.247385025,-0.35876999,-0.326233221,-0.685003212
673,0.892465746,1.185498706,1.500410031,-0.29303296,-0.314911325,-0.607944285
674,0.911379461,1.253387793,1.308127813,-0.342008332,-0.05474002,-0.396748353
675,0.964742578,1.577612725,1.62777751,-0.612870148,-0.050164785,-0.663034933
676,0.785017439,1.35574452,0.97331485,-0.570727082,0.38242967,-0.188297412
677,0.867214447,1.434991433,1.060523001,-0.567776986,0.374468432,-0.193308554
678,0.751365529,1.172733679,0.865191526,-0.42136815,0.307542152,-0.113825997
679,0.60340668,1.084780145,0.684581486,-0.481373466,0.400198659,-0.081174807
680,0.690291249,1.12621025,0.824029142,-0.435919001,0.302181107,-0.133737894
681,0.815317308,1.241464249,0.867695594,-0.426146941,0.373768654,-0.052378287
682,0.804348914,1.171506684,1.180794241,-0.36715777,-0.009287557,-0.376445327
683,0.691636805,0.696936326,1.132545944,-0.00529952,-0.435609618,-0.440909138
684,0.613799384,0.652005108,0.900570632,-0.038205724,-0.248565524,-0.286771248
685,0.625122683,0.708008977,1.057557487,-0.082886293,-0.34954851,-0.432434803
686,0.673343487,0.8044814,1.004572856,-0.131137913,-0.200091455,-0.331229369
687,0.688256103,0.563804329,1.05440416,0.124451774,-0.490599831,-0.366148057
688,0.802693924,0.5884863,0.897890221,0.214207625,-0.309403922,-0.095196297
689,0.762720802,0.627617459,0.905533261,0.135103343,-0.277915802,-0.142812459
690,0.756051887,0.939934517,1.225663961,-0.18388263,-0.285729444,-0.469612074
691,0.875729123,1.15717043,0.840842277,-0.281441307,0.316328153,0.034886846
692,0.912596557,1.138878411,0.63150658,-0.226281854,0.507371831,0.281089977
693,0.827378922,1.022098816,0.939986355,-0.194719894,0.082112461,-0.112607433
694,0.861456081,0.982355176,1.129719477,-0.120899095,-0.147364301,-0.268263396
695,0.917738745,0.98633126,1.25740599,-0.068592515,-0.271074731,-0.339667246
696,0.967224063,1.099942549,1.453109271,-0.132718486,-0.353166722,-0.485885208
697,1.0084508,1.117488754,1.170808997,-0.109037954,-0.053320243,-0.162358197
698,1.162153847,1.154995172,1.008055396,0.007158675,0.146939775,0.15409845
699,1.211059281,1.095994611,0.988724963,0.11506467,0.107269647,0.222334318
700,1.082178941,1.022346648,0.652381195,0.059832293,0.369965453,0.429797747
701,1.113028968,1.283901531,0.715833039,-0.170872564,0.568068492,0.397195928
702,1.173311432,1.470884087,0.430731667,-0.297572655,1.04015242,0.742579765
703,1.130020206,1.538220222,0.842797868,-0.408200016,0.695422354,0.287222338
704,1.030566063,1.566556432,0.958515768,-0.535990369,0.608040665,0.072050296
705,0.722905918,1.068408031,0.879649726,-0.345502113,0.188758305,-0.156743808
706,0.687002068,0.986706125,0.768665961,-0.299704057,0.218040164,-0.081663893
707,0.767157887,1.171019366,0.671583641,-0.403861479,0.499435725,0.095574246
708,0.911016716,1.538556953,1.114721854,-0.627540237,0.423835099,-0.203705138
709,0.897592719,1.181467955,1.455132988,-0.283875236,-0.273665033,-0.557540269
710,0.833613964,1.176226851,1.06912224,-0.342612887,0.107104611,-0.235508276
711,0.696933753,1.142955615,1.292225321,-0.446021862,-0.149269706,-0.595291569
712,0.73217149,1.493013138,1.613530324,-0.760841649,-0.120517185,-0.881358834
713,0.63665037,1.259721377,1.602895069,-0.623071006,-0.343173692,-0.966244699
714,0.598905259,1.108517259,1.550068757,-0.509612,-0.441551498,-0.951163498
715,0.64355471,1.068709635,1.587052538,-0.425154925,-0.518342903,-0.943497827
716,0.594268406,1.08822991,1.276725017,-0.493961504,-0.188495107,-0.682456611
717,0.531888729,0.68695913,1.316989712,-0.155070401,-0.630030583,-0.785100984
718,0.676261896,0.787718041,1.386503561,-0.111456145,-0.59878552,-0.710241665
719,0.715389874,0.814955633,1.454979362,-0.099565759,-0.640023729,-0.739589488
720,0.758598698,0.969992419,1.202834977,-0.211393721,-0.232842558,-0.444236279
721,0.726550731,1.020025343,1.021590988,-0.293474612,-0.001565645,-0.295040257
722,0.591302223,1.030713231,0.898382863,-0.439411008,0.132330368,-0.30708064
723,0.647617759,0.982269192,0.897487729,-0.334651433,0.084781463,-0.24986997
724,0.754379305,1.126407826,0.8153255,-0.372028521,0.311082326,-0.060946195
725,0.691070652,0.791522469,1.084441959,-0.100451817,-0.29291949,-0.393371307
726,0.651330398,0.993682018,0.957139828,-0.34235162,0.03654219,-0.30580943
727,0.66682416,0.69878276,1.120611547,-0.031958601,-0.421828787,-0.453787387
728,0.717412577,0.46943244,0.848833982,0.247980137,-0.379401542,-0.131421405
729,1.039673938,0.594185159,1.182665571,0.445488779,-0.588480412,-0.142991633
730,0.890786593,0.477017631,1.035695564,0.413768962,-0.558677933,-0.144908972
731,0.90967815,0.601644826,1.460825377,0.308033324,-0.859180551,-0.551147227
732,0.961578296,0.784772994,1.24319253,0.176805301,-0.458419535,-0.281614234
733,0.973847441,0.932593976,1.131981851,0.041253466,-0.199387876,-0.15813441
734,0.850400151,0.759919222,1.043359186,0.09048093,-0.283439964,-0.192959035
735,0.856380717,0.798973942,0.971569325,0.057406776,-0.172595383,-0.115188607
736,0.714655329,0.499374931,1.150498678,0.215280398,-0.651123747,-0.435843349
737,0.918189977,0.718490027,1.000556717,0.199699951,-0.282066691,-0.08236674
738,0.738437991,0.794511354,1.942938459,-0.056073363,-1.148427106,-1.204500469
739,0.796132177,0.668618945,1.555076105,0.127513231,-0.886457159,-0.758943928
740,0.945526724,0.8190059,2.068011286,0.126520824,-1.249005386,-1.122484561
741,0.771630665,0.585164497,1.773718617,0.186466168,-1.18855412,-1.002087952
742,0.823693478,0.686411038,1.585036396,0.13728244,-0.898625358,-0.761342918
743,0.750821129,0.605071394,1.592387607,0.145749735,-0.987316213,-0.841566478
744,0.669146455,0.645573229,1.276426674,0.023573227,-0.630853445,-0.607280218
745,0.804120359,1.031193201,1.10532479,-0.227072843,-0.074131589,-0.301204432
746,0.881105835,1.07314037,0.83713882,-0.192034536,0.23600155,0.043967014
747,0.799948767,1.170590551,0.96073161,-0.370641784,0.209858941,-0.160782843
748,0.702776805,1.19844066,0.883196283,-0.495663855,0.315244377,-0.180419478
749,0.85544214,1.097475232,0.659501284,-0.242033092,0.437973947,0.195940856
750,0.805905777,1.397822392,1.497195207,-0.591916615,-0.099372815,-0.69128943
751,0.801722918,1.426195752,1.473322509,-0.624472835,-0.047126757,-0.671599591
752,0.98387927,1.095858166,1.685770436,-0.111978896,-0.589912269,-0.701891165
753,0.991654573,0.844328925,0.997234445,0.147325648,-0.15290552,-0.005579872
754,1.067163536,0.822557411,1.258351033,0.244606125,-0.435793622,-0.191187497
755,1.082817613,0.973226769,1.110908113,0.109590844,-0.137681345,-0.0280905
756,0.987145124,0.981438576,0.997847737,0.005706548,-0.016409161,-0.010702613
757,0.954226526,0.871853346,1.163006531,0.08237318,-0.291153185,-0.208780006
758,0.874127217,1.123285224,1.155557947,-0.249158007,-0.032272723,-0.281430729
759,0.862744101,0.858725483,1.085159396,0.004018619,-0.226433913,-0.222415294
760,0.83161635,0.962091866,1.066258763,-0.130475516,-0.104166897,-0.234642413
761,0.877318021,1.080194618,0.843861168,-0.202876597,0.23633345,0.033456853
762,1.004564056,1.160232192,1.246751849,-0.155668136,-0.086519657,-0.242187793
763,1.122700471,1.296034518,0.99484446,-0.173334046,0.301190057,0.127856011
764,1.099139029,1.146797373,0.973020184,-0.047658344,0.173777189,0.126118845
765,1.026903547,1.274249577,1.012732726,-0.24734603,0.261516851,0.014170821
766,0.953095908,1.096647,0.84260529,-0.143551092,0.25404171,0.110490618
767,0.906840616,1.403822916,1.008731047,-0.4969823,0.39509187,-0.10189043
768,0.866831722,1.290083945,1.167277166,-0.423252223,0.122806779,-0.300445444
769,0.929805747,1.327538973,0.895029522,-0.397733226,0.432509451,0.034776225
770,0.594561035,1.084702166,1.314413481,-0.490141131,-0.229711315,-0.719852446
771,0.72710216,1.184320543,0.983908218,-0.457218383,0.200412325,-0.256806058
772,0.757754238,1.406496501,1.088708096,-0.648742263,0.317788405,-0.330953858
773,0.687783227,1.314817378,0.880382511,-0.627034151,0.434434867,-0.192599284
774,0.733909151,1.643828922,0.944724589,-0.90991977,0.699104332,-0.210815438
775,0.721548664,1.18971946,1.301741919,-0.468170796,-0.112022458,-0.580193254
776,0.699580891,1.277048345,1.245951445,-0.577467455,0.0310969,-0.546370555
777,0.59627508,0.973810058,1.056098179,-0.377534978,-0.082288121,-0.459823099
778,0.682781645,1.135145311,1.00655385,-0.452363666,0.128591461,-0.323772205
779,0.776915466,1.402725204,0.826363873,-0.625809738,0.576361331,-0.049448407
780,0.800798827,1.28063407,0.850898493,-0.479835242,0.429735576,-0.050099666
781,0.735772355,1.436757167,0.77677173,-0.700984812,0.659985437,-0.040999375
782,0.661789541,1.36112002,1.102085512,-0.69933048,0.259034508,-0.440295972
783,0.775030017,1.479329773,1.203202363,-0.704299756,0.27612741,-0.428172346
784,0.765187138,1.576420759,1.144386887,-0.811233621,0.432033872,-0.379199749
785,0.538858607,1.224224362,1.014238027,-0.685365754,0.209986334,-0.47537942
786,0.390367202,0.575067909,1.077890145,-0.184700708,-0.502822236,-0.687522944
787,0.590138205,0.813125644,1.040136839,-0.222987439,-0.227011195,-0.449998634
788,0.697675298,0.555518189,1.517461405,0.142157109,-0.961943216,-0.819786107
789,0.654337669,0.691484508,0.999364863,-0.037146838,-0.307880356,-0.345027194
790,0.527979218,0.565434283,1.156024299,-0.037455065,-0.590590016,-0.628045081
791,0.529508095,0.58360833,1.085931288,-0.054100235,-0.502322959,-0.556423193
792,0.556916122,0.752156992,1.463727082,-0.19524087,-0.711570089,-0.906810959
793,0.589497028,0.787132142,1.611768357,-0.197635113,-0.824636215,-1.022271328
794,0.660412759,1.040579896,1.615246287,-0.380167137,-0.574666391,-0.954833528
795,0.415944945,0.586784872,1.35819132,-0.170839928,-0.771406448,-0.942246376
796,0.433311356,0.725851957,1.702088872,-0.292540601,-0.976236915,-1.268777516
797,0.602777153,0.90144453,1.342951773,-0.298667377,-0.441507243,-0.74017462
798,0.814023141,1.233388143,0.800447467,-0.419365002,0.432940677,0.013575674
799,0.770104839,1.186618025,0.710991414,-0.416513186,0.475626612,0.059113426
800,0.761975747,0.898886195,0.70442193,-0.136910448,0.194464265,0.057553817
801,0.783195217,0.791372545,0.672667448,-0.008177327,0.118705096,0.110527769
802,0.946859726,0.638283369,1.262537957,0.308576356,-0.624254588,-0.315678232
803,0.980755946,0.972276557,1.243467469,0.008479389,-0.271190912,-0.262711523
804,0.824548791,0.907689696,1.327934294,-0.083140905,-0.420244598,-0.503385503
805,0.869567315,1.051475276,0.948401158,-0.181907961,0.103074118,-0.078833843
806,0.964485741,1.062424143,1.0178173,-0.097938402,0.044606843,-0.053331559
807,0.787726909,0.784248031,0.580807335,0.003478878,0.203440696,0.206919574
808,1.162545067,1.108992995,0.833263922,0.053552072,0.275729073,0.329281145
809,1.15207874,0.916527749,0.780514692,0.235550991,0.136013056,0.371564048
810,1.139530542,1.206861722,1.005962407,-0.06733118,0.200899316,0.133568136
811,1.090437502,1.185109441,1.102915474,-0.094671939,0.082193967,-0.012477972
812,1.040175151,1.42477317,1.192885521,-0.384598019,0.231887649,-0.15271037
813,0.95935925,1.345683566,1.203748229,-0.386324316,0.141935337,-0.24438898
814,1.018254482,1.06049742,1.426312857,-0.042242938,-0.365815437,-0.408058375
815,0.989231753,1.150149342,1.133512987,-0.160917589,0.016636355,-0.144281234
816,0.926020306,1.110134316,1.681277954,-0.18411401,-0.571143639,-0.755257649
817,0.85796508,1.313543894,1.775833876,-0.455578814,-0.462289982,-0.917868796
818,0.86553189,1.240736298,1.494403503,-0.375204408,-0.253667205,-0.628871613
819,0.564371861,0.945442873,1.256748683,-0.381071012,-0.31130581,-0.692376822
820,0.636416312,1.025695257,1.112518811,-0.389278945,-0.086823554,-0.476102499
821,0.637148944,0.99405321,0.877092673,-0.356904266,0.116960537,-0.239943729
822,0.614308613,1.159902715,0.43512357,-0.545594101,0.724779145,0.179185043
823,0.948943638,0.824416968,1.139501777,0.12452667,-0.315084809,-0.190558139
824,1.013890406,0.812847639,1.449633803,0.201042767,-0.636786164,-0.435743397
825,1.034786002,1.011283357,1.109823966,0.023502645,-0.09854061,-0.075037965
826,0.887177118,0.993217209,1.137360823,-0.106040091,-0.144143614,-0.250183705
827,1.013661554,1.050785415,0.972906014,-0.037123861,0.077879401,0.04075554
828,1.045659819,0.855982602,0.804080779,0.189677218,0.051901823,0.241579041
829,1.225738833,0.9782863,1.034033469,0.247452534,-0.055747169,0.191705365
830,1.06211689,1.183913705,0.96167495,-0.121796815,0.222238755,0.10044194
831,0.955351896,1.299757807,0.865161074,-0.344405912,0.434596733,0.090190822
832,0.972146738,1.103790926,0.771368619,-0.131644188,0.332422307,0.200778119
833,0.963578045,0.584248598,0.806290428,0.379329447,-0.22204183,0.157287617
834,1.059609989,0.92089676,0.708257209,0.138713229,0.212639551,0.35135278
835,0.933425625,1.037945265,0.853094789,-0.10451964,0.184850476,0.080330836
836,0.989837729,1.137406255,0.794924761,-0.147568526,0.342481494,0.194912968
837,1.149233121,1.208191153,0.857547137,-0.058958032,0.350644016,0.291685984
838,1.028986963,1.103710523,0.80254919,-0.074723559,0.301161333,0.226437773
839,1.067480281,0.873681825,1.214202273,0.193798456,-0.340520448,-0.146721992
840,1.169995095,0.715264513,1.212961886,0.454730582,-0.497697373,-0.042966791
841,1.162512965,0.889473437,1.269870316,0.273039528,-0.380396879,-0.107357351
842,0.909246867,0.634523233,1.024608676,0.274723633,-0.390085443,-0.115361809
843,1.181882776,0.762275521,1.151512009,0.419607255,-0.389236489,0.030370767
844,1.167505182,0.645485973,1.154572926,0.522019209,-0.509086953,0.012932255
845,1.158168784,0.866528492,1.100731308,0.291640292,-0.234202816,0.057437476
846,1.254059818,0.843813713,1.390156486,0.410246105,-0.546342773,-0.136096668
847,1.034529215,1.221433264,1.426763329,-0.186904049,-0.205330066,-0.392234114
848,0.968388747,0.800066874,1.542091951,0.168321873,-0.742025077,-0.573703204
849,0.938452167,0.926796382,1.528452137,0.011655785,-0.601655755,-0.58999997
850,0.834581861,1.229156706,1.423798954,-0.394574845,-0.194642248,-0.589217093
851,1.024005325,1.460302906,1.203878127,-0.43629758,0.256424779,-0.179872801
852,0.861592961,1.269137438,1.413519273,-0.407544477,-0.144381835,-0.551926313
853,0.935999597,1.271523511,1.054721916,-0.335523914,0.216801596,-0.118722318
854,0.978483321,1.143356644,0.639237566,-0.164873323,0.504119078,0.339245755
855,1.065307435,0.784319443,0.577109219,0.280987992,0.207210224,0.488198216
856,1.085197136,0.779934487,1.085894813,0.305262649,-0.305960326,-0.000697677
857,1.111662921,0.656237257,0.826072601,0.455425663,-0.169835343,0.28559032
858,1.303999282,0.963929328,0.700628518,0.340069954,0.26330081,0.603370764
859,1.196295669,0.768533228,1.083885709,0.427762441,-0.315352481,0.11240996
860,1.360828779,0.970664171,1.337972201,0.390164607,-0.36730803,0.022856577
861,1.285634365,0.914410314,1.061903094,0.371224051,-0.14749278,0.223731271
862,1.123102252,0.796338907,0.93314564,0.326763345,-0.136806733,0.189956612
863,0.987321027,0.798577009,0.92346762,0.188744018,-0.124890611,0.063853407
864,0.983949464,0.911296121,1.665304489,0.072653343,-0.754008368,-0.681355025
865,1.001167769,0.974204176,1.714115805,0.026963593,-0.739911629,-0.712948036
866,0.969234497,1.011747914,1.566035101,-0.042513416,-0.554287187,-0.596800603
867,0.979784242,1.164992802,1.334422995,-0.185208561,-0.169430192,-0.354638753
868,1.063269937,1.256637815,1.723671062,-0.193367878,-0.467033247,-0.660401125
869,0.909501383,1.381074163,1.56870473,-0.471572779,-0.187630567,-0.659203347
870,0.959728679,1.249294982,1.504660923,-0.289566303,-0.255365941,-0.544932243
871,1.021343727,1.131998387,1.209820142,-0.110654661,-0.077821754,-0.188476415
872,1.007964246,1.419036026,0.973975306,-0.41107178,0.445060721,0.033988941
873,1.03389342,1.382100006,1.219841882,-0.348206586,0.162258124,-0.185948462
874,0.943314409,1.236156933,1.211234561,-0.292842524,0.024922372,-0.267920152
875,0.883992942,1.206532575,0.96940483,-0.322539633,0.237127745,-0.085411888
876,0.955851193,1.146965069,1.40254127,-0.191113876,-0.255576201,-0.446690076
877,0.839477379,0.92148814,1.229103863,-0.082010761,-0.307615723,-0.389626484
878,0.855473559,0.683741222,0.873299702,0.171732336,-0.18955848,-0.017826143
879,1.042024347,0.758760921,1.16407657,0.283263426,-0.405315649,-0.122052223
880,1.048033355,0.718666674,0.874665163,0.329366681,-0.155998489,0.173368192
881,1.19166222,1.133275474,0.698688173,0.058386746,0.434587301,0.492974048
882,1.094403652,1.039545751,0.947486378,0.054857901,0.092059373,0.146917274
883,1.16278783,1.026282967,1.120930164,0.136504863,-0.094647197,0.041857667
884,1.053074288,1.170935212,0.853397644,-0.117860924,0.317537568,0.199676644
885,0.814343286,1.105508708,1.621409386,-0.291165422,-0.515900677,-0.8070661
886,0.748627139,1.046155448,1.609907653,-0.297528309,-0.563752205,-0.861280514
887,0.733971622,0.891154678,1.529539001,-0.157183057,-0.638384323,-0.79556738
888,0.828395241,0.93000685,1.508693056,-0.101611609,-0.578686206,-0.680297815
889,0.735802378,1.209669535,1.578877533,-0.473867157,-0.369207998,-0.843075154
890,0.727107628,1.269761608,0.786321047,-0.54265398,0.483440561,-0.059213419
891,0.617847085,1.077652119,1.238800494,-0.459805035,-0.161148375,-0.62095341
892,0.874648575,1.41448513,1.351518869,-0.539836555,0.062966262,-0.476870294
893,0.928580494,1.428891883,1.433775469,-0.500311388,-0.004883587,-0.505194975
894,0.793812039,1.333904014,1.520658347,-0.540091975,-0.186754334,-0.726846309
895,1.073888172,0.941723906,1.333700454,0.132164266,-0.391976548,-0.259812282
896,0.939291088,0.767371387,1.265130452,0.171919701,-0.497759065,-0.325839363
897,0.986849224,1.077184081,1.399341595,-0.090334857,-0.322157515,-0.412492372
898,0.8968383,0.984908972,1.574101028,-0.088070673,-0.589192056,-0.677262728
899,0.957261148,1.188635898,1.465599007,-0.23137475,-0.276963108,-0.508337859
900,0.95664901,0.778991895,1.492445318,0.177657115,-0.713453423,-0.535796308
901,0.952676382,0.742795734,1.144360071,0.209880647,-0.401564337,-0.19168369
902,0.979087233,0.78101543,1.201050534,0.198071803,-0.420035104,-0.221963301
903,1.218606571,0.789212797,0.726299142,0.429393775,0.062913654,0.492307429
904,1.066885723,0.73567854,1.51262682,0.331207184,-0.77694828,-0.445741096
905,0.92101987,0.946003358,1.267618602,-0.024983488,-0.321615244,-0.346598732
906,0.766838047,0.954170981,1.216778036,-0.187332934,-0.262607055,-0.449939989
907,1.066793957,0.964987983,1.302627281,0.101805974,-0.337639298,-0.235833324
908,0.970724017,1.084033258,1.77465228,-0.113309241,-0.690619022,-0.803928263
909,0.988236825,1.149319269,1.33248814,-0.161082444,-0.18316887,-0.344251315
910,0.946995947,1.087703587,1.177419464,-0.140707639,-0.089715878,-0.230423517
911,0.836580206,1.147224541,1.111756643,-0.310644336,0.035467898,-0.275176437
912,0.806096194,1.069774534,1.023944461,-0.26367834,0.045830073,-0.217848267
913,0.771633076,1.18799575,1.158573956,-0.416362674,0.029421794,-0.38694088
914,0.896984484,1.2827765,0.710569959,-0.385792017,0.572206542,0.186414525
915,0.891463977,1.099755311,0.949118263,-0.208291333,0.150637047,-0.057654286
916,0.908234159,0.927527703,1.264758284,-0.019293544,-0.337230581,-0.356524125
917,0.816463811,0.442495834,1.078278912,0.373967978,-0.635783078,-0.261815101
918,0.648912634,0.327761087,0.96241279,0.321151548,-0.634651703,-0.313500156
919,0.931238055,0.705281646,0.712918043,0.225956409,-0.007636397,0.218320012
920,0.866719216,0.746243684,0.882224992,0.120475532,-0.135981309,-0.015505776
921,0.818006091,0.772951119,1.751509909,0.045054972,-0.97855879,-0.933503818
922,0.828183854,0.907973175,1.779717079,-0.079789321,-0.871743904,-0.951533225
923,0.916816119,0.859480974,1.329313672,0.057335145,-0.469832697,-0.412497553
924,0.943855274,0.990594977,0.970367574,-0.046739703,0.020227403,-0.0265123
925,1.020529501,0.807072512,1.171097595,0.21345699,-0.364025084,-0.150568094
926,0.982913884,0.985527544,1.528301745,-0.00261366,-0.5427742,-0.545387861
927,0.878780726,0.942881221,1.280039448,-0.064100495,-0.337158228,-0.401258723
928,0.989599283,1.132055938,1.404692796,-0.142456656,-0.272636858,-0.415093514
929,0.715415728,0.879715931,1.390232833,-0.164300203,-0.510516903,-0.674817106
930,1.031540228,1.239895624,1.638629965,-0.208355396,-0.398734341,-0.607089737
931,0.786418079,0.854422757,1.547856534,-0.068004678,-0.693433777,-0.761438454
932,0.79957601,1.118890633,1.805264421,-0.319314623,-0.686373788,-1.005688411
933,0.574642586,1.052097321,1.384655507,-0.477454735,-0.332558186,-0.810012921
934,0.656284851,1.044617081,0.798356184,-0.38833223,0.246260897,-0.142071333
935,0.706455086,0.91320136,1.258744416,-0.206746274,-0.345543056,-0.55228933
936,0.669410809,1.034359836,1.220264879,-0.364949026,-0.185905044,-0.55085407
937,0.717194135,0.869576171,1.100951833,-0.152382036,-0.231375662,-0.383757698
938,0.62322618,0.768295799,1.183016437,-0.145069618,-0.414720638,-0.559790256
939,0.811768664,0.802614347,1.158095796,0.009154317,-0.355481449,-0.346327132
940,0.768401212,0.628328061,0.970526436,0.14007315,-0.342198375,-0.202125225
941,0.743730019,1.01398127,0.919689134,-0.270251251,0.094292136,-0.175959115
942,0.751851627,1.018837008,0.868091713,-0.266985381,0.150745295,-0.116240087
943,0.745220329,1.439504452,1.076272483,-0.694284122,0.363231968,-0.331052154
944,0.554047058,1.433671227,0.911898656,-0.879624169,0.521772571,-0.357851597
945,0.49197434,0.985066581,0.746076099,-0.493092241,0.238990482,-0.254101759
946,0.481530888,0.750326506,0.823590441,-0.268795618,-0.073263935,-0.342059553
947,0.613651239,0.774577364,1.541481388,-0.160926125,-0.766904024,-0.92783015
948,0.625135829,0.65946201,1.747701106,-0.034326181,-1.088239096,-1.122565277
949,0.632006836,0.692188358,1.732147838,-0.060181522,-1.039959481,-1.100141003
950,0.765564771,0.779376648,0.866821953,-0.013811877,-0.087445305,-0.101257182
951,0.779070102,0.551232773,1.202338088,0.22783733,-0.651105316,-0.423267986
952,0.782802425,0.523406184,1.106941788,0.259396242,-0.583535604,-0.324139362
953,0.796787262,0.583352368,0.922250103,0.213434894,-0.338897735,-0.125462841
954,0.846125368,0.509945316,0.947785164,0.336180053,-0.437839849,-0.101659796
955,0.868230435,0.556092321,0.92197157,0.312138114,-0.365879249,-0.053741135
956,0.756159046,0.474886715,1.285824099,0.281272331,-0.810937385,-0.529665054
957,0.676151282,0.50814194,0.729757218,0.168009343,-0.221615278,-0.053605936
958,0.550124547,0.323131432,1.324370432,0.226993115,-1.001239,-0.774245885
959,0.582053617,0.735599655,1.317935413,-0.153546038,-0.582335758,-0.735881797
960,0.633616896,0.718429692,1.391843574,-0.084812796,-0.673413882,-0.758226678
961,0.767430861,0.610238611,1.338867123,0.157192249,-0.728628512,-0.571436263
962,0.70342337,0.62494482,1.336227168,0.07847855,-0.711282348,-0.632803798
963,0.583260949,0.778906975,1.212482783,-0.195646026,-0.433575808,-0.629221834
964,0.47466652,0.764054661,1.596771886,-0.289388141,-0.832717225,-1.122105366
965,0.439759254,0.629909464,1.32692088,-0.19015021,-0.697011416,-0.887161626
966,0.363986162,0.615788125,1.104893254,-0.251801964,-0.489105128,-0.740907092
967,0.481057018,0.537699444,1.267852524,-0.056642426,-0.730153081,-0.786795506
968,0.606498299,0.760949509,1.466364096,-0.15445121,-0.705414586,-0.859865797
969,0.644341935,1.025049167,1.303309729,-0.380707232,-0.278260562,-0.658967793
970,0.601869809,0.79300926,0.612214472,-0.191139451,0.180794788,-0.010344663
971,0.576357016,0.770040964,1.165071816,-0.193683948,-0.395030852,-0.5887148
972,0.616701793,0.916939694,1.299294915,-0.300237901,-0.382355221,-0.682593122
973,0.871172894,1.270003475,1.469125754,-0.398830581,-0.199122278,-0.597952859
974,0.806542982,1.251665786,1.327156368,-0.445122804,-0.075490582,-0.520613386
975,0.49492732,1.045349177,1.904510887,-0.550421857,-0.85916171,-1.409583567
976,0.525394132,1.025241407,1.079688721,-0.499847275,-0.054447314,-0.55429459
977,0.820347831,1.192717883,1.114475268,-0.372370052,0.078242615,-0.294127437
978,0.783060323,1.170087747,1.132050792,-0.387027424,0.038036955,-0.348990469
979,0.645758411,1.322932231,0.98711243,-0.67717382,0.335819801,-0.341354019
980,0.673966351,1.175959992,1.788041369,-0.501993641,-0.612081377,-1.114075018
981,0.668373898,1.228151548,1.632866292,-0.55977765,-0.404714744,-0.964492394
982,0.598606872,1.094482836,1.601038965,-0.495875965,-0.506556129,-1.002432093
983,0.592412532,1.154131027,1.693271365,-0.561718495,-0.539140337,-1.100858833
984,0.752154705,1.375794052,2.032192451,-0.623639347,-0.656398399,-1.280037747
985,0.695198956,1.222668582,1.444417759,-0.527469626,-0.221749177,-0.749218803
986,0.653788167,1.200755943,1.369565495,-0.546967776,-0.168809552,-0.715777328
987,0.883597589,1.292679004,0.997192654,-0.409081415,0.29548635,-0.113595065
988,0.950526169,1.397311644,1.24889393,-0.446785475,0.148417714,-0.298367761
989,0.903453811,1.395663101,1.624969785,-0.49220929,-0.229306684,-0.721515974
990,0.655605489,1.108023073,1.640151497,-0.452417584,-0.532128424,-0.984546008
991,0.718225053,1.08002934,1.969515645,-0.361804287,-0.889486305,-1.251290592
992,1.018148447,1.082276341,2.286274927,-0.064127894,-1.203998586,-1.26812648
993,0.869237784,1.701787009,1.28797732,-0.832549224,0.413809688,-0.418739536
994,0.785952919,1.509963116,1.72907145,-0.724010198,-0.219108334,-0.943118531
995,0.767764671,1.351837007,1.772652315,-0.584072336,-0.420815307,-1.004887643
996,0.760957445,1.48398124,1.831697403,-0.723023795,-0.347716164,-1.070739958
997,0.72200541,1.579413588,1.532375552,-0.857408178,0.047038037,-0.810370141
998,0.442715005,1.235712533,1.326903506,-0.792997529,-0.091190972,-0.884188501
999,0.500578582,1.431351127,1.757638672,-0.930772545,-0.326287545,-1.25706009
1000,0.519670462,1.412921151,1.657396665,-0.893250689,-0.244475513,-1.137726202
